{
    "odometers": {
      "vehicle": 337365.9471,
      "tripA": 5855.498496,
      "tripB": 141.3081786,
      "oilChange": 5962.923226,
      "transmissionFluidChange": 5962.923226,
      "transferCaseFluidChange": 5975.7163,
      "frontDifferentialFluidChange": 5962.923226,
      "rearDifferentialFluidChange": 5962.923226,
      "fuelFilterChange": 5962.923226,
      "tireRotation": 5962.923226
    },
    "saveCount": 93475
  }